Workbook

Sheet Заказы
A1: Номер заказа | B1: Дата | C1: Поставщик | D1: Сумма без НДС (ILS) | E1: НДС (ILS) | F1: Итого с НДС (ILS) | G1: Доставка (ILS) | H1: Растаможка (ILS) | K1: Курс шекеля
A2: 183295 | B2: 02/08/2026 | C2: Phoenix Contact | D2: 1815.8 | E2: 326.84 | F2: 2142.64 | G2: 0 | H2: 0 | K2: #VALUE! | L2: {=_FV(K2,"Price")} -> 3.0773
A3: 183969 | B3: 18/08/2026 | C3: Phoenix Contact | D3: 825.96 | E3: 148.67 | F3: 974.63 | G3: 0 | H3: 0 | K3: #VALUE! | L3: {=_FV(K3,"Price")} -> 3.434
A4: 2140357A | B4: 24/08/2026 | C4: JLCPCB | D4: =156.07*L2 -> 480.27421 | E4: 0 | F4: =156.07*L2 -> 480.27421 | G4: =25.29*L2 -> 77.824917 | H4: 0
A5: 440482 | B5: 08/09/2026 | C5: Phoenix Contact | D5: 488.98 | E5: 88.02 | F5: 577 | G5: 0 | H5: 0 | K5: 3.5015

Sheet Детали
A1: Номер заказа | B1: Артикул | C1: Описание | D1: Тип (РУС) | E1: Количество | F1: Цена за шт (EUR/DOL) | G1: Итого (ILS)
A2: 183295 | B2: 2896241 | C2: BC 17,8 UT HBUS BK | D2: Нижняя часть корпуса | E2: 10 | F2: 2.72 | G2: 95.72
A3: 183295 | B3: 2896144 | C3: BC 17,8 DKL R KMGY | D3: Крышка корпуса | E3: 10 | F3: 1.22 | G3: 42.93
A4: 183295 | B4: 2896322 | C4: HBUS 53,6-16P-3S BK | D4: Шинный соединитель на DIN-рейку | E4: 10 | F4: 16.83 | G4: 592.25
A5: 183295 | B5: 1534550 | C5: FKDSO 1,5/4-L KMGY | D5: Клеммный блок на плату | E5: 50 | F5: 1.94 | G5: 341.34
A6: 183295 | B6: 1534556 | C6: BC 17,8 BS FKDSO KMGY | D6: Заглушка клеммника | E6: 50 | F6: 0.56 | G6: 98.53
A7: 183295 | B7: 2200701 | C7: PSTD 0,65X0,65/9-H 2,54 | D7: Штыревой разъем (гребенка) | E7: 50 | F7: 1.09 | G7: 191.79
A8: 183295 | B8: 2279732 | C8: BC 17,8 OTU MKDSO KMGY | D8: Верхняя часть корпуса | E8: 10 | F8: 1.81 | G8: 63.69
A9: 183295 | B9: 2896283 | C9: HBUS 35,6-16P-1S BK | D9: Шинный соединитель на DIN-рейку | E9: 10 | F9: 11.07 | G9: 389.55
A10: 183969, 440482 | B10: 2896102 | C10: BC 17,8 DKL S TRANS | D10: Прозрачная крышка корпуса | E10: 20 | F10: 1.5 | G10: 103.8
A11: 183969, 440482 | B11: 2278432 | C11: MKDSO 1,5/ 4-L-3,5 KMGY | D11: Клеммный блок на плату | E11: 100 | F11: 1.57 | G11: 543.24
A12: 183969, 440482 | B12: 2854115 | C12: ME B-17,5 MKDSO KMGY | D12: Заглушка | E12: 60 | F12: 0.43 | G12: 89.27
A13: 183969, 440482 | B13: 2278173 | C13: HBUS-B SET BK | D13: Заглушка для шины (комплект) | E13: 20 | F13: 1.71 | G13: 118.34
... A15: 183969, 440482 | B15: 2896115 | C15: BC 35,6 DKL S TRANS | D15: Прозрачная крышка корпуса | E15: 20 | F15: 1.61 | G15: 111.41
A16: 2140357A | B16: SMT026082260698-Y214 | C16: Rigid Populated printed circuit board (Modul_AI) | D16: Печатная плата в сборе | E16: 2 | F16: =77.44*Заказы!L3 -> 265.92896 | G16: =154.87*Заказы!L3 -> 531.82358

Sheet Modul_AI
A1: № | B1: Артикул | C1: Наименование | D1: Цена партии | E1: Кол-во в партии | F1: Цена за ед. | G1: Доставка | H1: Кол-во на модуль | I1: Сумма
A2: Корпус
A3: 1 | B3: 2896241 | C3: Нижняя часть корпуса (BC 17,8 UT HBUS BK) | D3: 122.42 | E3: 10 | F3: =SUM(D3/E3) -> 12.242 | G3: 0 | H3: 1 | I3: =SUM(F3*H3+G3/E3) -> 12.242
A4: 2 | B4: 2279732 | C4: Верхняя часть корпуса (BC 17,8 OTU MKDSO KMGY) | D4: 63.69 | E4: 10 | F4: =SUM(D4/E4) -> 6.369 | G4: 0 | H4: 1 | I4: =SUM(F4*H4+G4/E4) -> 6.369
A5: 3 | B5: 2278432 | C5: Клеммный блок на плату (MKDSO 1,5/ 4-L-3,5 KMGY) | D5: 268.37 | E5: 50 | F5: =SUM(D5/E5) -> 5.3674 | G5: 0 | H5: 1 | I5: =SUM(F5*H5+G5/E5) -> 5.3674
A6: 4 | B6: 2854115 | C6: Заглушка (ME B-17,5 MKDSO KMGY) | D6: 44.1 | E6: 30 | F6: =SUM(D6/E6) -> 1.47 | G6: 0 | H6: 3 | I6: =SUM(F6*H6+G6/E6) -> 4.41
A7: 5 | B7: 2896102 | C7: Прозрачная крышка корпуса (BC 17,8 DKL S TRANS) | D7: 51.28 | E7: 10 | F7: =SUM(D7/E7) -> 5.128 | G7: 0 | H7: 1 | I7: =SUM(F7*H7+G7/E7) -> 5.128
A8: 6 | B8: 2896322 | C8: Шинный соединитель на DIN-рейку (HBUS 53,6-16P-3S BK) | D8: 592.25 | E8: 10 | F8: =SUM(D8/E8) -> 59.225 | G8: 0 | H8: 0.33 | I8: =SUM(F8*H8+G8/E8) -> 19.54425 | J8: Идет один на ри модуля
A9: Итого корпус | I9: =SUM(I3:I8) -> 53.06065
A10: Плата
A11: № | B11: Артикул | C11: Наименование | D11: Цена партии, $ | E11: Кол-во в партии | F11: Цена за ед.$ | G11: Доставка,$ | H11: Кол-во на модуль | I11: Налоги,Шек | J11: Сумма, Шек
A12: 1 | B12: W2026092021060492 | C12: Печатная плата в сборе Modul_AI | D12: 301.95 | E12: 10 | F12: =SUM(D12/E12) -> 30.195 | G12: 28.14 | H12: 1 | I12: 414 | J12: =(F12+G12/E12)*Заказы!$L$2+I12/E12 -> 142.9786
A13: Итого плата | J13: =SUM(J12) -> 142.9786
A14: Всего модуль | J14: =J13+I9 -> 196.03925

Sheet Modul_Lokomotiv
A1: № | B1: Артикул | C1: Наименование | D1: Цена партии | E1: Кол-во в партии | F1: Цена за ед. | G1: Доставка | H1: Кол-во на модуль | I1: Сумма
A2: Корпус
A3: 1 | B3: 2896254 | C3: BC 35,6 UT HBUS BK - Нижняя часть корпуса | E3: 10 | F3: =SUM(D3/E3) -> 0 | G3: 0 | H3: 1 | I3: =SUM(F3*H3+G3/E3) -> 0
A4: 2 | B4: 2896047 | C4: BC 35,6 OT U22 KMGY - Верхняя часть корпуса | E4: 10 | F4: =SUM(D4/E4) -> 0 | G4: 0 | H4: 1 | I4: =SUM(F4*H4+G4/E4) -> 0
A5: 4 | B5: 2896199 | C5: BC 17,6 BS U22 KMGY - Заглушка | D5: 348.71 | E5: 50 | F5: =SUM(D5/E5) -> 6.9742 | G5: 0 | H5: 1 | I5: =SUM(F5*H5+G5/E5) -> 6.9742
A6: 5 | B6: 2896115 | C6: BC 35,6 DKL S TRANS - Крышка корпуса | D6: 55.04 | E6: 10 | F6: =SUM(D6/E6) -> 5.504 | G6: 0 | H6: 1 | I6: =SUM(F6*H6+G6/E6) -> 5.504
A7: 6 | B7: 2896283 | C7: HBUS 35,6-16P-1S BK - Шинный соединитель для установки на монтажную рейку | D7: 389.55 | E7: 10 | F7: =SUM(D7/E7) -> 38.955 | G7: 0 | H7: 1 | I7: =SUM(F7*H7+G7/E7) -> 38.955
A8: Итого корпус | I8: =SUM(I3:I7) -> 51.4332
A9: Плата
A10: № | B10: Артикул | C10: Наименование | D10: Цена партии, $ | E10: Кол-во в партии | F10: Цена за ед.$ | G10: Доставка,$ | H10: Кол-во на модуль | I10: Налоги,Шек | J10: Сумма, Шек
A11: 1 | B11: W2026092021170698 | C11: Печатная плата в сборе Modul_Lokomotiv | D11: 167.54 | E11: 25 | F11: =SUM(D11/E11) -> 6.7016 | G11: 56.39 | H11: 1 | I11: 356 | J11: =(F11+G11/E11)*Заказы!$L$2+I11/E11 -> 41.803992
A12: 2 | B12: W2026092617531478 | C12: Плата CAN_With MINIPower | D12: 274.17 | E12: 50 | F12: =SUM(D12/E12) -> 5.4834 | G12: 43.72 | H12: 1 | I12: 407 | J12: =(F12+G12/E12)*Заказы!$L$2+I12/E12 -> 27.704858
A13: 3 | B13: W2026092022272339 | C13: Плата CAN | D13: 283.99 | E13: 50 | F13: 56.39 | G13: 43.72 | H13: 1 | I13: 419 | J13: =(F13+G13/E13)*Заказы!$L$2+I13/E13 -> 184.59974
A14: Итого плата | J14: =SUM(J11:J13) -> 254.10859
A15: Всего модуль | J15: =J14+I8 -> 305.54179

Sheet Modul_HUB_Displays
A1: № | B1: Артикул | C1: Наименование | D1: Цена партии | E1: Кол-во в партии | F1: Цена за ед. | G1: Доставка | H1: Кол-во на модуль | I1: Сумма
A2: Корпус
A3: 1 | B3: 2896270 | C3: BC 107,6 UT HBUS BK - Нижняя часть корпуса | D3: 122.42 | E3: 10 | F3: =SUM(D3/E3) -> 12.242 | G3: 0 | H3: 1 | I3: =SUM(F3*H3+G3) -> 12.242
A4: 2 | B4: 2896089 | C4: BC 107,6 OT U22 KMGY - Верхняя часть корпуса | D4: 91.3 | E4: 10 | F4: =SUM(D4/E4) -> 9.13 | G4: 0 | H4: 1 | I4: =SUM(F4*H4+G4) -> 9.13
A5: 3 | B5: 2896131 | C5: BC 107,6 DKL S TRANS - Крышка корпуса | D5: 72.62 | E5: 10 | F5: =SUM(D5/E5) -> 7.262 | G5: 0 | H5: 1 | I5: =SUM(F5*H5+G5) -> 7.262
A6: 4 | B6: 2896306 | C6: HBUS 107,6-16P-1S BK - Шинный соединитель для установки на монтажную рейку | D6: 540.88 | E6: 10 | F6: =SUM(D6/E6) -> 54.088 | G6: 0 | H6: 1 | I6: =SUM(F6*H6+G6) -> 54.088
A8: Итого корпус | I8: =SUM(I3:I7) -> 82.722
A9: Плата
A10: № | B10: Артикул | C10: Наименование | D10: Цена партии, $ | E10: Кол-во в партии | F10: Цена за ед.$ | G10: Доставка,$ | H10: Кол-во на модуль | I10: Налоги,Шек | J10: Сумма, Шек
A11: 1 | B11: W2026083101061515 | C11: Печатная плата в сборе Modul_HUB_Display | D11: 138.32 | E11: 5 | F11: =SUM(D11/E11) -> 27.664 | G11: 60.17 | H11: 1 | I11: 340 | J11: =(F11+G11/E11)*Заказы!$L$2+I11/E11 -> 190.16266
A12: 2 | B12: W2026092617531478 | C12: Плата CAN_With MINIPower | D12: 274.17 | E12: 50 | F12: =SUM(D12/E12) -> 5.4834 | G12: 43.72 | H12: 1 | I12: 407 | J12: =(F12+G12/E12)*Заказы!$L$2+I12/E12 -> 27.704858
A13: 3 | B13: W2026092022272339 | C13: Плата CAN | D13: 283.99 | E13: 50 | F13: 56.39 | G13: 43.72 | H13: 1 | I13: 419 | J13: =(F13+G13/E13)*Заказы!$L$2+I13/E13 -> 184.59974
A14: Итого плата | J14: =SUM(J11:J13) -> 402.46725
A15: Всего модуль | J15: =J14+I8 -> 485.18925

Sheet Modul_Main_PLC
A1: № | B1: Артикул | C1: Наименование | D1: Цена партии, Шек | E1: Кол-во в партии | F1: Цена за ед.Шек | G1: Доставка | H1: Кол-во на модуль | I1: Сумма, Шек
A2: Корпус
A3: 1 | B3: 2896270 | C3: BC 107,6 UT HBUS BK - Нижняя часть корпуса | D3: 122.42 | E3: 10 | F3: =SUM(D3/E3) -> 12.242 | G3: 0 | H3: 1 | I3: =SUM(F3*H3+G3) -> 12.242
A4: 2 | B4: 2896089 | C4: BC 107,6 OT U22 KMGY - Верхняя часть корпуса | D4: 91.3 | E4: 10 | F4: =SUM(D4/E4) -> 9.13 | G4: 0 | H4: 1 | I4: =SUM(F4*H4+G4) -> 9.13
A5: 3 | B5: 2896238 | C5: BC 53,6 BS U22 KMGY - Заглушка | D5: 430.56 | E5: 50 | F5: =SUM(D5/E5) -> 8.6112 | G5: 0 | H5: 1 | I5: =SUM(F5*H5+G5) -> 8.6112
A6: 4 | B6: 2896131 | C6: BC 107,6 DKL S TRANS - Крышка корпуса | D6: 72.62 | E6: 10 | F6: =SUM(D6/E6) -> 7.262 | G6: 0 | H6: 1 | I6: =SUM(F6*H6+G6) -> 7.262
A7: 5 | B7: 2896306 | C7: HBUS 107,6-16P-1S BK - Шинный соединитель для установки на монтажную рейку | D7: 540.88 | E7: 10 | F7: =SUM(D7/E7) -> 54.088 | G7: 0 | H7: 1 | I7: =SUM(F7*H7+G7) -> 54.088
A8: 6 | B8: 2896199 | C8: BC 17,6 BS U22 KMGY - Заглушка | D8: 348.71 | E8: 50 | F8: =SUM(D8/E8) -> 6.9742 | G8: 0 | H8: 2 | I8: =SUM(F8*H8+G8) -> 13.9484
A10: Итого корпус | I10: =SUM(I3:I9) -> 105.2816
A11: Плата
A12: № | B12: Артикул | C12: Наименование | D12: Цена партии, $ | E12: Кол-во в партии | F12: Цена за ед.$ | G12: Доставка,$ | H12: Кол-во на модуль | I12: Налоги,Шек | J12: Сумма, Шек
A13: 1 | B13: W2026092617361097 | C13: Печатная плата Modul_Main_PLC | D13: 297.18 | E13: 5 | F13: =SUM(D13/E13) -> 59.436 | G13: 43.72 | H13: 1 | I13: 420 | J13: =(F13+G13/E13)*Заказы!$L$2+I13/E13 -> 293.81031
A14: 2 | B14: W2026092620013720 | C14: Плата часов RTC | D14: 117.31 | E14: 50 | F14: =SUM(D14/E14) -> 2.3462 | G14: 43.72 | H14: 1 | I14: 322 | J14: =(F14+G14/E14)*Заказы!$L$2+I14/E14 -> 16.350752
A15: 3 | B15: W2026092617531478 | C15: Плата CAN_With MINIPower | D15: 274.17 | E15: 50 | F15: =SUM(D15/E15) -> 5.4834 | G15: 43.72 | H15: 1 | I15: 407 | J15: =(F15+G15/E15)*Заказы!$L$2+I15/E15 -> 27.704858
A16: 4 | B16: W2026092022272339 | C16: Плата CAN | D16: 283.99 | E16: 50 | F16: 56.39 | G16: 43.72 | H16: 1 | I16: 419 | J16: =(F16+G16/E16)*Заказы!$L$2+I16/E16 -> 184.59974
A17: Итого плата | J17: =SUM(J13:J16) -> 522.46566
A18: Всего модуль | J18: =J17+I10 -> 627.74726

Sheet Modul_Display
A1: № | B1: Артикул | C1: Наименование | D1: Цена партии, Шек | E1: Кол-во в партии | F1: Цена за ед.Шек | G1: Доставка | H1: Кол-во на модуль | I1: Сумма, Шек
A2: Корпус
A3: 1 | C3: Верхняя крышка басис на 3D принтере | D3: 30 | E3: 1 | F3: =SUM(D3/E3) -> 30 | G3: 0 | H3: 1 | I3: =SUM(F3*H3+G3) -> 30
A4: 2 | C4: Верхняя крышка лицевая на 3D принтере | D4: 30 | E4: 1 | F4: =SUM(D4/E4) -> 30 | G4: 0 | H4: 1 | I4: =SUM(F4*H4+G4) -> 30
A5: 3 | C5: Задняя крышка на 3D принтере | D5: 30 | E5: 1 | F5: =SUM(D5/E5) -> 30 | G5: 0 | H5: 1 | I5: =SUM(F5*H5+G5) -> 30
A6: Итого корпус | I6: =SUM(I3:I4) -> 60
A7: Плата
A8: № | B8: Артикул | C8: Наименование | D8: Цена партии, $ | E8: Кол-во в партии | F8: Цена за ед.$ | G8: Доставка,$ | H8: Кол-во на модуль | I8: Налоги,Шек | J8: Сумма, Шек
A9: 1 | B9: W2026092617361097 | C9: Печатная плата Modul_Main_PLC | D9: 210.42 | E9: 5 | F9: =SUM(D9/E9) -> 42.084 | G9: 32.67 | H9: 1 | I9: 367 | J9: =(F9+G9/E9)*Заказы!$L$2+I9/E9 -> 223.01217
A10: Итого плата | J10: =SUM(J9:J9) -> 223.01217
A11: Всего модуль | J11: =J10+I6 -> 283.01217
